{"cameraMode":{"drawMode":0,"name":"Shaded","section":"Shading Mode"},"sceneLighting":false,"audioPlay":false,"sceneViewState":{"showFog":true,"showMaterialUpdate":false,"showSkybox":false,"showFlares":true,"showImageEffects":true,"showParticleSystems":true},"in2DMode":false,"pivot":{"x":-1.0431320667266846,"y":1.2186379432678223,"z":-1.4836244583129883},"rotation":{"x":0.09254755079746247,"y":0.7194083333015442,"z":-0.09775203466415405,"w":0.6815654635429382},"size":0.5984147787094116,"orthographic":false}