{"cameraMode":{"drawMode":0,"name":"Shaded","section":"Shading Mode"},"sceneLighting":false,"audioPlay":false,"sceneViewState":{"showFog":true,"showMaterialUpdate":false,"showSkybox":false,"showFlares":true,"showImageEffects":true,"showParticleSystems":true},"in2DMode":false,"pivot":{"x":7.07828426361084,"y":2.26530122756958,"z":-8.822412490844727},"rotation":{"x":0.023707624524831773,"y":0.9025705456733704,"z":-0.05016178637742996,"w":0.4270119369029999},"size":0.7116398215293884,"orthographic":false}