{"cameraMode":{"drawMode":0,"name":"Shaded","section":"Shading Mode"},"sceneLighting":false,"audioPlay":false,"sceneViewState":{"showFog":true,"showMaterialUpdate":false,"showSkybox":false,"showFlares":true,"showImageEffects":true,"showParticleSystems":true},"in2DMode":false,"pivot":{"x":-0.8486309051513672,"y":0.17633067071437837,"z":-0.382819801568985},"rotation":{"x":0.2233721911907196,"y":0.44765424728393557,"z":-0.11659679561853409,"w":0.8580078482627869},"size":1.9795873165130616,"orthographic":false}