{"cameraMode":{"drawMode":0,"name":"Shaded","section":"Shading Mode"},"sceneLighting":false,"audioPlay":false,"sceneViewState":{"showFog":true,"showMaterialUpdate":false,"showSkybox":false,"showFlares":true,"showImageEffects":true,"showParticleSystems":true},"in2DMode":false,"pivot":{"x":10.960173606872559,"y":0.30249929428100588,"z":4.244937419891357},"rotation":{"x":0.1301623433828354,"y":0.8354411721229553,"z":-0.22449670732021333,"w":0.48450103402137759},"size":3.8981008529663088,"orthographic":false}