{"cameraMode":{"drawMode":0,"name":"Shaded","section":"Shading Mode"},"sceneLighting":false,"audioPlay":false,"sceneViewState":{"showFog":true,"showMaterialUpdate":false,"showSkybox":false,"showFlares":true,"showImageEffects":true,"showParticleSystems":true},"in2DMode":false,"pivot":{"x":3.4321517944335939,"y":0.3489646911621094,"z":-16.50603485107422},"rotation":{"x":0.011117775924503804,"y":-0.9782498478889465,"z":0.054356448352336887,"w":0.19993770122528077},"size":202.04432678222657,"orthographic":false}