{"cameraMode":{"drawMode":0,"name":"Shaded","section":"Shading Mode"},"sceneLighting":false,"audioPlay":false,"sceneViewState":{"showFog":true,"showMaterialUpdate":false,"showSkybox":false,"showFlares":true,"showImageEffects":true,"showParticleSystems":true},"in2DMode":false,"pivot":{"x":10.130741119384766,"y":0.2949644923210144,"z":-8.496971130371094},"rotation":{"x":0.08233261853456497,"y":-0.7024818658828735,"z":0.08233600854873657,"w":0.7021510004997253},"size":2.7966971397399904,"orthographic":false}