{"cameraMode":{"drawMode":0,"name":"Shaded","section":"Shading Mode"},"sceneLighting":false,"audioPlay":false,"sceneViewState":{"showFog":true,"showMaterialUpdate":false,"showSkybox":false,"showFlares":true,"showImageEffects":true,"showParticleSystems":true},"in2DMode":false,"pivot":{"x":30.14385223388672,"y":2.274092435836792,"z":-12.908520698547364},"rotation":{"x":-0.006683598272502422,"y":-0.7549353241920471,"z":0.007717440836131573,"w":-0.6557555198669434},"size":2.1659433841705324,"orthographic":false}