{"cameraMode":{"drawMode":0,"name":"Shaded","section":"Shading Mode"},"sceneLighting":false,"audioPlay":false,"sceneViewState":{"showFog":true,"showMaterialUpdate":false,"showSkybox":false,"showFlares":true,"showImageEffects":true,"showParticleSystems":true},"in2DMode":false,"pivot":{"x":3.55143404006958,"y":-0.8567999005317688,"z":-20.222414016723634},"rotation":{"x":-0.01953040435910225,"y":-0.9577538967132568,"z":0.27904951572418215,"w":-0.06705125421285629},"size":4.808957576751709,"orthographic":false}