{"cameraMode":{"drawMode":0,"name":"Shaded","section":"Shading Mode"},"sceneLighting":false,"audioPlay":false,"sceneViewState":{"showFog":true,"showMaterialUpdate":false,"showSkybox":false,"showFlares":true,"showImageEffects":true,"showParticleSystems":true},"in2DMode":false,"pivot":{"x":13.484933853149414,"y":1.5982695817947388,"z":1.5546462535858155},"rotation":{"x":-0.19675476849079133,"y":0.5627678036689758,"z":-0.14006030559539796,"w":-0.7906370162963867},"size":3.5437874794006349,"orthographic":false}